{"cameraMode":{"drawMode":0,"name":"Shaded","section":"Shading Mode"},"sceneLighting":true,"audioPlay":false,"sceneViewState":{"showFog":true,"showMaterialUpdate":false,"showSkybox":true,"showFlares":true,"showImageEffects":true,"showParticleSystems":true},"in2DMode":false,"pivot":{"x":-1.100773811340332,"y":-0.39609813690185549,"z":-17.145889282226564},"rotation":{"x":-0.05092358961701393,"y":0.9480459094047546,"z":-0.19640955328941346,"w":-0.24528421461582185},"size":23.198623657226564,"orthographic":false}